Customer ID,TotalPrice
12346,372.86
12347,1323.32
12348,222.16
12349,2671.14
12351,300.93
12352,343.8
12353,317.76
12355,488.21
12356,3560.3
12357,12079.99
12358,2719.01
12359,2563.36
12360,1590.83
12361,321.35
12362,130.0
12366,500.24
12368,917.7
12369,1791.1499999999999
12370,774.62
12371,2179.42
12373,763.05
12374,2246.29
12376,503.15
12377,1798.2
12378,1407.7
12379,767.98
12380,6951.49
12385,1938.4
12386,258.90000000000003
12387,143.94
12388,1120.45
12389,1433.33
12391,2285.18
12392,234.75
12393,816.85
12395,2048.64
12396,931.43
12399,853.65
12400,205.25
12402,1031.3
12403,591.6600000000001
12404,63.24
12406,2975.06
12408,1452.22
12409,12346.62
12410,320.38
12411,346.9
12412,1370.05
12413,241.35
12414,390.0
12415,19543.84
12416,202.56
12417,3148.31
12418,1352.62
12419,503.01
12421,291.56
12422,4428.24
12423,763.08
12424,1579.07
12425,964.21
12426,762.48
12427,303.5
12429,3735.5099999999998
12431,4370.52
12433,7205.39
12434,297.29
12435,6096.04
12437,7731.99
12439,1142.88
12440,859.2
12441,173.55
12443,485.31
12445,301.58
12449,768.6
12450,490.32
12451,3634.36
12454,13151.44
12455,3413.09
12457,632.6800000000001
12458,830.09
12459,454.36
12460,326.65
12466,56.73
12467,132.8
12468,2941.2
12469,3070.54
12470,211.95
12471,20129.54
12472,11308.48
12474,5048.66
12475,426.26
12476,7267.49
12477,7056.63
12480,2183.22
12481,6765.07
12482,23691.4
12483,2612.2
12484,1826.78
12485,708.1
12486,1037.28
12487,285.3
12490,4405.71
12492,452.0
12494,626.77
12495,357.4
12496,45.34
12497,5205.4
12499,393.72
12500,1697.39
12503,1126.0
12504,297.0
12505,955.2
12507,539.25
12510,4195.45
12511,3084.02
12514,580.08
12516,1336.56
12519,385.7
12523,2562.58
12524,6640.39
12525,973.73
12527,386.8
12529,316.48
12530,2096.98
12531,1807.98
12533,1367.89
12537,732.9399999999999
12538,276.5
12539,5646.4
12540,8854.25
12542,481.88
12543,980.25
12547,175.78
12549,1575.6799999999998
12553,916.47
12554,468.5
12555,129.23
12557,6725.18
12562,1185.18
12563,249.24
12567,4308.58
12568,70.0
12570,77.52
12573,556.87
12575,622.82
12576,826.89
12577,990.5
12578,1847.94
12580,637.2
12582,1469.04
12583,7166.0599999999995
12586,1865.73
12588,743.88
12589,4048.98
12591,886.1
12592,2145.06
12594,1751.89
12595,299.02
12598,1511.01
12599,1264.14
12600,2444.88
12601,104.2
12605,1232.95
12606,21.0
12608,415.79
12609,2309.0099999999998
12613,3472.99
12615,3449.79
12616,417.8
12619,140.14
12621,11086.14
12623,3442.74
12625,2481.06
12629,1558.22
12631,2841.07
12632,804.88
12633,3514.18
12634,490.0
12635,1241.23
12636,141.0
12637,2280.91
12638,249.8
12639,826.27
12643,4960.18
12644,1440.58
12645,1764.12
12647,14201.53
12648,793.95
12649,1671.14
12651,263.75
12652,97.05
12653,1950.98
12655,261.35
12656,2356.66
12661,162.0
12662,3138.24
12663,239.4
12664,1188.16
12665,250.6
12666,1248.42
12668,7575.88
12670,764.24
12671,2622.48
12672,211.15
12673,619.5
12675,957.25
12676,1511.7
12677,395.1
12678,16652.72
12681,17080.74
12682,11745.69
12683,4220.21
12686,89.14
12687,2138.91
12691,134.6
12692,110.95
12693,847.11
12694,973.68
12695,825.02
12696,851.91
12698,339.75
12699,638.11
12701,1648.7
12703,722.98
12705,4893.81
12708,2601.19
12709,21107.94
12711,1339.05
12712,2797.53
12714,9384.85
12717,277.93
12720,2478.94
12721,1356.95
12724,1286.11
12725,2266.7599999999998
12726,1405.5
12727,1698.83
12728,233.84
12730,829.25
12731,6879.8
12733,2040.92
12734,529.25
12737,3710.5
12738,155.35
12739,1713.69
12741,406.07
12742,1201.52
12744,4037.77
12745,925.41
12746,254.55
12747,5061.03
12748,22457.9
12749,2806.48
12751,268.27
12755,5218.71
12758,7111.65
12759,3489.2999999999997
12760,347.8
12761,782.95
12763,320.08
12765,1404.58
12766,3078.65
12767,949.8199999999999
12768,168.69
12770,1895.0
12771,282.3
12773,124.25
12774,98.7
12775,300.08
12776,55.5
12777,519.45
12778,953.4499999999999
12779,2740.91
12780,337.4
12782,2287.32
12784,1230.33
12785,788.45
12786,728.5
12787,398.52
12788,444.9
12789,181.5
12790,266.93
12791,863.51
12792,426.46999999999997
12793,471.85
12796,381.0
12797,552.08
12798,1533.89
12799,219.35
12800,584.25
12801,1071.82
12802,1988.84
12803,1092.81
12804,325.37
12805,1434.95
12806,2878.96
12807,330.35
12808,422.45
12809,1266.63
12810,534.99
12811,519.05
12813,1687.8
12817,524.94
12819,540.52
12820,1747.18
12821,128.07999999999998
12823,4742.0
12825,518.63
12826,1481.03
12829,92.3
12831,236.06
12835,5996.83
12836,3949.37
12837,528.56
12838,2694.75
12839,4480.31
12840,1315.2
12841,3472.61
12842,799.0
12843,4881.1
12844,322.64
12846,15.58
12847,765.36
12848,208.0
12849,2032.18
12850,330.0
12851,148.95
12853,1950.4
12854,1654.72
12855,612.84
12857,2581.6
12858,147.27
12859,575.1
12860,54.22
12861,68.25
12862,984.62
12863,2271.35
12864,152.45
12865,1755.24
12866,668.23
12867,3819.92
12868,640.0
12869,337.66999999999996
12870,1676.95
12871,363.38
12872,3062.52
12873,1653.3
12874,948.42
12875,1013.76
12876,1863.77
12877,1406.37
12880,640.13
12887,222.4
12889,385.46
12890,329.3
12891,509.5
12892,263.38
12894,157.35
12897,297.75
12898,296.21
12899,366.4
12900,340.33
12903,833.53
12905,1018.42
12907,508.91
12908,1026.0
12909,924.52
12910,2721.48
12911,1651.72
12913,4217.23
12914,223.98
12915,811.1
12916,1534.78
12917,3765.2
12918,10953.5
12920,323.86
12921,19333.95
12923,597.6
12924,1535.7
12925,35.28
12926,1523.97
12927,197.31
12928,2242.19
12931,50291.38
12932,1698.56
12933,1029.1
12934,181.65
12935,2083.16
12937,1593.34
12939,13683.0
12941,377.49
12942,258.75
12943,496.5
12945,437.16
12946,324.45
12947,304.03999999999996
12948,252.48
12949,11359.48
12951,2149.65
12953,498.96
12954,162.45
12956,413.82
12957,4689.43
12958,467.34000000000003
12959,150.95
12960,1322.07
12961,211.99
12963,1744.96
12964,132.24
12967,2646.02
12969,122.45
12970,1048.13
12971,4782.88
12972,1161.2
12973,385.55
12974,264.15
12975,2100.09
12976,2417.7799999999997
12977,474.64
12978,2502.82
12979,517.7
12980,8870.880000000001
12982,2354.27
12983,490.08
12986,2729.84
12987,753.51
12989,6627.64
12990,546.0
12991,261.06
12992,93.35
12993,844.87
12996,355.5
12997,884.02
12998,920.0799999999999
13000,497.65
13001,14256.68
13002,293.18
13004,5994.94
13005,485.97999999999996
13007,175.25
13008,382.66
13009,234.0
13010,330.12
13011,50.55
13012,1310.99
13013,7814.83
13014,1914.8
13015,3240.14
13018,2485.46
13019,1229.95
13020,618.96
13021,2270.86
13022,65.3
13023,759.13
13024,555.87
13025,323.39
13026,757.72
13027,10327.2
13029,679.8
13030,402.36
13031,3292.84
13032,1805.78
13033,30.0
13034,279.90999999999997
13035,442.32
13036,307.1
13037,3033.88
13039,1010.73
13041,799.13
13042,1488.59
13044,4287.58
13045,503.64
13046,319.94
13047,5557.62
13048,2229.72
13049,751.56
13050,6477.67
13051,155.8
13052,2771.18
13053,127.65
13055,1106.7
13056,209.48
13057,709.59
13059,2108.37
13063,188.4
13064,561.25
13065,1055.05
13067,393.05
13069,5185.51
13070,522.9
13071,129.22
13073,418.08
13074,1378.74
13076,135.4
13077,2326.35
13078,16904.51
13079,199.08
13080,222.65
13081,30867.77
13082,3722.12
13083,91.67999999999999
13084,122.39999999999999
13085,2017.2
13086,439.33
13087,313.64
13088,236.11
13089,57885.45
13090,5189.32
13091,1976.0
13092,1662.45
13093,47111.18
13094,505.79999999999995
13096,419.7
13097,7320.88
13101,594.21
13102,5272.83
13103,465.7
13104,610.62
13105,72.0
13106,526.96
13107,3721.45
13108,748.46
13109,347.49
13110,1468.8
13111,321.88000000000005
13112,20.599999999999998
13113,6357.08
13114,234.38
13115,3199.92
13117,1658.9
13118,1217.6
13119,134.9
13123,506.75
13124,885.33
13125,148.62
13126,1898.61
13128,263.5
13129,233.25
13131,2240.47
13133,90.65
13134,681.65
13135,275.45
13136,3666.95
13137,3983.65
13138,504.85
13139,3138.04
13140,790.71
13141,5267.33
13143,405.1
13144,24.4
13145,805.0
13148,4814.56
13150,449.96999999999997
13151,1207.34
13152,2146.38
13154,1624.84
13155,778.42
13156,1586.54
13157,3946.14
13158,307.12
13161,359.38
13162,7587.2
13163,17.65
13164,372.2
13165,429.68
13166,458.73
13167,333.82
13168,541.14
13169,127.2
13172,69.6
13173,2212.11
13174,6621.6
13175,831.45
13177,229.75
13178,8333.72
13179,572.31
13180,86.1
13181,359.69
13183,3078.4
13187,105.34
13190,570.66
13191,164.69
13192,1646.6399999999999
13194,412.08
13195,136.73
13196,1271.06
13197,373.01
13198,1572.99
13199,6615.77
13201,1233.06
13202,1580.3
13203,1778.79
13204,966.66
13205,2803.2
13206,8308.19
13207,285.6
13208,758.65
13209,2617.9
13211,1523.35
13213,2330.94
13214,3264.23
13215,81.6
13217,132.5
13219,76.23
13220,516.8
13222,88.5
13223,805.92
13225,9796.23
13226,204.25
13230,3457.83
13233,571.34
13234,346.5
13237,643.0
13238,305.9
13239,1265.1299999999999
13240,1036.21
13241,112.53
13242,429.0
13243,635.26
13245,558.72
13246,1390.23
13249,897.52
13250,253.09
13251,252.68
13252,399.3
13253,1920.71
13254,51.41
13255,504.95
13257,149.75
13258,336.59999999999997
13259,1119.36
13262,373.15999999999997
13263,1239.27
13264,722.56
13266,2300.78
13267,5236.77
13269,3545.47
13270,590.0
13274,360.85
13275,238.86
13276,1300.98
13277,264.9
13278,893.12
13280,1494.87
13281,350.85
13282,181.05
13283,279.7
13285,655.47
13286,734.91
13287,781.59
13288,927.61
13289,307.95
13290,208.63
13291,2909.68
13292,415.57
13293,1192.94
13294,815.79
13295,900.77
13296,705.11
13297,2278.77
13299,1076.2
13300,913.62
13302,95.45
13303,61.72
13304,917.5699999999999
13305,1751.75
13306,53.65
13307,258.34
13308,284.86
13309,249.57999999999998
13310,409.17
13312,124.75
13313,1890.0
13315,310.26
13316,7207.89
13317,4212.41
13319,11236.95
13320,679.4
13324,3391.52
13326,281.76
13327,6251.71
13329,4323.97
13330,1655.17
13331,262.4
13333,1015.74
13334,2699.48
13337,1575.26
13338,1958.6
13340,11364.08
13346,299.4
13357,3196.11
13359,603.75
13360,1553.6499999999999
13361,1450.5
13362,2303.33
13363,731.36
13367,510.2
13368,498.1
13369,308.28
13370,754.87
13371,2297.66
13373,4274.94
13374,422.8
13375,1013.58
13377,1552.88
13380,62.4
13381,4585.06
13382,1164.59
13383,305.28
13384,2528.9
13386,835.46
13387,186.94
13388,508.55
13392,91.14
13393,1131.45
13394,4101.68
13395,872.51
13397,1647.74
13398,213.0
13399,275.4
13400,310.83
13402,913.9
13403,154.5
13405,641.36
13406,568.92
13407,2244.7
13408,23616.42
13410,1198.9
13412,487.35
13413,429.44
13414,1103.64
13415,784.17
13416,228.3
13417,1028.66
13418,6055.47
13421,2225.04
13423,217.03
13424,572.77
13425,1766.22
13426,4526.0599999999995
13427,423.93
13428,276.76
13431,2047.1399999999999
13432,439.1
13433,658.32
13434,1132.62
13435,637.44
13438,46.5
13439,702.9
13440,1295.25
13441,424.26
13442,419.87
13443,1273.16
13444,619.08
13445,241.89999999999998
13446,3881.89
13448,5655.2
13450,2076.32
13451,4191.8
13452,139.8
13453,424.71
13454,219.87
13455,1847.59
13457,148.22
13458,2312.7
13459,1160.41
13461,2715.0
13462,1002.35
13464,2422.96
13465,931.12
13466,705.4499999999999
13468,7670.54
13469,82.4
13472,592.24
13473,2235.12
13474,419.75
13476,823.0
13477,1364.59
13478,2215.78
13479,550.42
13480,627.8199999999999
13481,2026.28
13482,151.45
13484,476.92
13485,2564.98
13487,271.47
13488,6619.57
13490,154.25
13491,3350.74
13495,3329.39
13497,972.28
13498,327.38
13500,299.53
13501,1544.79
13502,488.5
13503,1642.39
13506,1180.68
13508,176.07999999999998
13509,135.0
13510,2766.73
13511,282.76
13512,462.18
13513,619.49
13514,663.7
13515,374.7
13516,295.85
13519,220.46
13520,3285.05
13523,1136.64
13526,1182.0
13527,2298.93
13530,402.98
13531,1254.72
13534,1850.82
13535,89.5
13537,717.85
13538,1822.28
13539,938.02
13540,632.39
13541,785.25
13542,3959.4900000000002
13543,1439.61
13544,514.14
13545,364.93
13546,465.15
13547,167.08
13548,223.28
13549,87.6
13550,342.55
13551,152.4
13552,3208.85
13553,499.6
13554,1629.35
13555,4792.96
13556,200.82
13557,2448.2
13559,990.0
13561,1661.54
13562,3038.85
13564,15310.35
13565,174.57999999999998
13566,831.76
13567,1079.29
13569,497.74
13571,2448.32
13573,614.27
13574,404.45
13576,4834.4
13577,1801.68
13578,147.66
13579,1072.0
13580,107.75
13581,162.53
13582,241.68
13583,664.0
13584,243.3
13585,684.54
13586,127.28
13587,961.1
13589,741.09
13590,4354.12
13591,976.81
13593,3481.41
13594,136.35
13595,784.48
13597,396.71
13598,601.92
13599,5013.96
13600,298.9
13601,466.67
13602,596.28
13604,717.62
13605,522.67
13607,400.3
13608,232.05
13609,167.35
13610,1021.38
13611,2143.53
13612,818.29
13613,1039.85
13614,747.28
13615,5854.84
13616,283.85
13617,734.5699999999999
13619,224.94
13620,112.34
13622,658.95
13623,1805.32
13624,462.08
13625,301.26
13626,449.81
13627,607.43
13628,310.14
13629,5578.5
13632,1526.8799999999999
13634,3486.41
13635,1928.13
13639,312.93
13640,405.0
13641,1016.47
13642,159.92
13643,1637.33
13646,326.25
13647,1393.56
13648,1764.02
13649,1304.8799999999999
13650,1451.6599999999999
13651,132.65
13652,1475.77
13653,152.2
13654,3600.67
13655,1347.54
13656,699.2
13658,3386.33
13659,3321.68
13660,306.64
13661,325.24
13662,1352.35
13663,1858.04
13665,1711.66
13666,43.25
13668,6638.650000000001
13669,195.0
13671,172.6
13672,233.53
13674,240.68
13676,243.9
13677,551.24
13679,281.26
13680,7700.55
13683,258.6
13684,529.75
13686,337.04
13687,11880.84
13688,375.5
13689,349.5
13691,212.78
13692,1626.08
13693,2011.82
13694,131443.19
13695,266.6
13696,2020.4
13698,451.73
13699,455.57
13700,348.34
13701,161.0
13702,135.18
13703,326.06
13705,1323.47
13706,300.38
13707,2559.45
13709,1263.7
13710,329.04
13711,1540.2
13712,537.58
13713,740.76
13714,161.35
13715,7348.3
13717,318.29
13719,1741.4
13721,217.39999999999998
13722,3260.0
13723,994.23
13724,213.01
13727,740.67
13728,1839.03
13729,724.73
13733,487.03
13734,6695.69
13735,6879.23
13736,2022.67
13738,434.78000000000003
13739,75.3
13740,1232.02
13745,477.32
13746,176.69
13747,169.8
13748,1320.1
13750,1954.92
13752,404.45
13753,1353.31
13754,164.45
13756,3999.23
13757,195.55
13758,6226.43
13760,1076.85
13761,881.52
13762,2165.7599999999998
13763,3502.48
13764,1400.2
13765,352.82
13766,190.35
13767,18320.17
13768,875.97
13769,3003.91
13770,785.37
13771,3094.37
13772,1977.39
13773,301.54
13775,1049.66
13776,623.98
13777,30501.26
13778,945.79
13779,161.13
13780,372.06
13781,650.99
13782,877.22
13783,1542.09
13784,447.44
13785,542.49
13786,3127.99
13787,913.46
13788,3.75
13789,239.46
13792,188.4
13793,96.0
13794,126.03
13795,836.3
13796,289.7
13797,1179.45
13798,38683.02
13799,2114.71
13800,1121.24
13802,21659.69
13803,1061.84
13804,572.73
13807,422.2
13809,524.65
13813,1398.61
13814,678.2
13815,3448.38
13818,61.28
13819,1502.0
13820,652.75
13821,993.44
13823,2445.79
13824,1615.82
13825,255.59
13829,102.0
13830,156.85
13831,4795.09
13832,557.69
13833,316.56
13834,324.19
13835,260.7
13836,620.37
13838,1245.91
13839,139.95000000000002
13840,651.4
13842,2244.29
13843,319.75
13846,442.73
13847,310.72
13848,2080.0
13849,1931.35
13851,1955.0
13852,187.35
13854,4144.44
13855,1310.34
13856,753.53
13857,1001.01
13859,314.7
13861,273.26
13862,346.72999999999996
13863,933.77
13864,662.4
13869,4913.22
13870,2941.14
13871,1482.6
13872,919.57
13873,649.32
13874,1508.7
13875,3027.58
13877,332.44
13878,1145.33
13879,395.5
13880,1171.8899999999999
13881,28019.58
13883,3885.54
13884,1037.43
13888,1405.92
13889,1574.33
13890,1043.57
13891,859.21
13892,634.68
13895,1415.45
13896,388.55
13897,849.56
13898,530.47
13900,869.64
13901,2809.14
13902,34095.26
13903,165.45000000000002
13905,312.65
13906,42.0
13907,136.79999999999998
13909,282.85
13911,1654.08
13912,124.95
13913,42.22
13915,70.8
13916,1275.81
13919,975.87
13920,1774.68
13921,730.7
13922,692.95
13927,359.27
13929,2651.45
13931,4019.85
13935,6116.92
13936,563.08
13937,721.28
13939,992.41
13941,6009.34
13942,320.0
13943,246.54
13944,200.43
13945,854.15
13946,1314.66
13948,446.76
13952,9572.45
13953,3125.0
13955,221.10999999999999
13957,458.25
13958,4709.23
13959,470.73
13961,538.4
13962,193.25
13963,2347.33
13964,438.9
13965,996.61
13966,384.26
13967,85.6
13968,123.66
13969,4266.88
13970,846.55
13971,1909.31
13974,264.13
13975,2795.16
13976,834.38
13977,519.81
13979,2510.06
13980,568.68
13981,331.14
13982,2511.08
13983,4479.82
13984,1128.09
13985,2960.73
13987,682.54
13988,609.84
13989,759.98
13992,142.7
13993,3309.35
13995,2508.32
13996,895.76
13997,376.46
13998,566.7
13999,5600.45
14000,1410.68
14001,2487.01
14003,209.41
14004,1675.81
14006,1234.48
14007,79.48
14008,509.04
14009,404.3
14010,445.15
14011,457.82
14013,611.55
14014,1443.03
14016,7062.2
14017,229.75
14018,367.15
14020,606.21
14021,1084.68
14022,352.15
14024,318.04
14025,4057.9
14026,713.11
14028,10396.5
14030,5839.46
14031,23632.72
14032,1874.68
14033,109.44
14035,1366.73
14037,689.75
14038,1509.5
14039,115.08
14040,8963.49
14042,431.98
14043,302.59999999999997
14044,2431.28
14045,9653.28
14047,2946.42
14048,338.76
14049,7444.68
14051,6784.01
14052,241.3
14053,312.05
14055,795.3199999999999
14057,2135.0
14058,469.19
14060,3378.66
14061,917.4300000000001
14062,15120.8
14063,22710.2
14064,1925.9
14065,891.02
14068,1250.87
14069,225.81
14070,321.6
14072,390.85
14074,219.4
14075,792.61
14077,115.66
14078,640.34
14079,243.63
14080,1070.08
14081,4369.47
14082,231.11
14083,373.3
14084,150.5
14085,5607.43
14086,39.95
14087,638.0
14088,13544.99
14091,9530.08
14092,3152.54
14094,311.77
14095,2.95
14097,422.86
14099,2646.7400000000002
14101,3985.14
14104,527.32
14105,4722.6
14106,214.8
14107,2174.07
14108,447.05
14110,7304.8
14112,2919.44
14113,5252.19
14114,977.56
14115,622.67
14118,458.45
14119,183.37
14122,362.42
14123,436.18
14126,466.33
14127,1190.37
14128,286.71
14129,1467.48
14130,1377.86
14131,168.22
14133,305.5
14134,11123.35
14135,4953.61
14136,1570.81
14137,332.7
14139,670.98
14142,671.34
14144,30.6
14145,3857.85
14146,5259.3
14147,2106.8
14148,309.09
14151,679.45
14152,1376.05
14153,233.39999999999998
14154,5115.08
14156,196549.74
14157,553.8
14159,3230.45
14160,8421.47
14161,2182.46
14163,148.71
14166,251.15
14167,711.7
14168,370.45
14169,621.51
14170,570.18
14171,135.0
14172,369.02
14173,135.16
14175,4456.58
14176,339.11
14177,1660.23
14180,1570.73
14181,308.35
14182,678.77
14183,278.34000000000003
14186,1550.6299999999999
14187,123.5
14189,1160.31
14190,79.9
14191,132.9
14192,293.74
14193,356.8
14194,7321.07
14195,1603.6
14197,390.05
14198,868.33
14199,906.3
14200,379.2
14201,446.1
14202,847.76
14203,339.34
14204,874.22
14205,1947.5
14206,856.85
14207,157.8
14208,415.31
14209,2919.84
14210,3955.68
14211,2161.19
14212,1119.66
14213,1192.2
14215,1626.61
14216,310.74
14217,1411.91
14219,543.89
14220,882.6
14221,3084.69
14224,831.98
14225,2031.07
14226,770.34
14227,3017.75
14228,745.5
14229,1046.84
14230,979.8
14231,309.90999999999997
14233,1441.55
14235,1573.13
14236,1253.78
14237,471.14
14238,287.38
14239,1882.32
14240,357.15
14241,120.0
14243,4842.28
14244,366.41999999999996
14247,616.79
14248,730.37
14249,5400.46
14252,350.99
14253,363.40000000000003
14254,601.03
14255,1000.63
14256,1491.73
14257,2854.73
14258,19381.36
14260,824.28
14263,322.93
14264,1183.39
14265,843.17
14266,40.56
14268,354.85
14269,295.73
14271,101.86
14272,482.85
14274,256.6
14275,1189.3799999999999
14276,982.9399999999999
14277,13009.609999999999
14278,205.82999999999998
14279,191.86
14281,245.14999999999998
14282,4120.32
14283,628.44
14284,704.4
14285,1374.41
14286,3851.0099999999998
14290,2201.91
14291,4020.85
14292,4354.32
14293,2221.37
14294,375.34
14295,2196.71
14296,456.4
14298,39667.19
14299,10533.869999999999
14301,1352.04
14302,742.9
14303,277.94
14304,1341.56
14306,1058.08
14307,2075.31
14308,1147.02
14309,1428.28
14310,492.1
14311,206.19
14312,1478.7
14314,109.8
14315,716.6899999999999
14316,1370.34
14318,158.02
14319,494.84999999999997
14320,868.96
14321,687.31
14322,474.1
14324,701.61
14325,245.48
14326,757.13
14327,1583.28
14328,445.05
14329,4912.38
14330,200.63
14332,1077.2
14334,1766.27
14338,339.88
14339,310.75
14341,2285.04
14342,249.88
14343,1079.66
14344,2443.77
14346,1294.17
14347,82.6
14350,689.1
14353,285.9
14355,840.05
14358,400.06
14361,214.71
14363,227.47
14365,634.68
14366,136.0
14369,469.13
14370,1175.78
14372,860.0799999999999
14374,108.0
14375,871.26
14376,215.46
14378,131.25
14379,917.0600000000001
14380,48.96
14381,423.26
14382,578.14
14384,58.5
14388,3488.16
14389,854.55
14390,1731.16
14391,135.6
14392,266.4
14394,93.8
14395,4630.7
14396,1591.74
14398,707.79
14399,2108.21
14400,1157.77
14401,2744.42
14402,285.6
14403,404.7
14404,1404.04
14405,195.0
14408,1503.24
14409,1696.6399999999999
14410,1531.63
14412,656.16
14413,643.47
14414,902.35
14415,6124.52
14417,524.65
14419,202.85
14420,1251.6499999999999
14421,1656.26
14422,6007.88
14423,651.41
14425,661.39
14426,7246.2699999999995
14427,900.1800000000001
14429,516.28
14430,1220.9
14431,2143.84
14433,280.7
14435,90.42
14436,182.64
14437,873.34
14439,6781.8
14440,4281.05
14441,2898.8
14442,3777.2
14443,966.27
14444,120.44
14445,221.65
14446,189.93
14447,548.5
14449,1555.4
14450,645.19
14451,2614.78
14452,399.9
14454,977.3
14455,617.72
14458,228.07
14459,3537.82
14460,659.16
14461,4573.85
14462,262.24
14463,256.95
14464,111.0
14465,2887.41
14466,2374.5
14467,1606.98
14468,204.24
14469,2093.46
14470,250.85
14471,400.95
14472,266.05
14474,711.23
14475,225.3
14477,660.0
14478,1276.66
14479,982.86
14480,1020.47
14481,1648.18
14482,2283.91
14483,120.0
14484,749.06
14486,175.5
14487,225.89000000000001
14489,1111.55
14490,1273.47
14491,127.2
14492,1921.91
14493,2704.62
14494,261.9
14495,51.0
14496,2129.42
14497,221.69
14498,1943.51
14499,1293.35
14505,6019.65
14506,1256.6
14507,1848.8600000000001
14508,554.87
14509,110.95
14510,979.85
14512,940.69
14513,332.42
14514,3389.84
14515,1647.17
14516,151.17
14519,203.14
14521,199.45000000000002
14522,773.88
14524,1066.03
14525,3810.64
14526,258.65
14527,19257.08
14530,3226.76
14531,376.34
14532,2912.93
14533,1516.65
14534,1790.36
14535,3118.39
14537,285.84
14538,982.59
14540,2756.98
14541,1038.03
14543,10988.14
14544,934.23
14545,349.25
14546,2610.91
14548,1888.49
14549,624.36
14550,587.69
14551,691.86
14552,343.71
14553,959.33
14555,1991.49
14556,815.69
14558,655.5
14559,75.6
14560,3876.2599999999998
14562,1631.38
14563,640.54
14564,2605.62
14565,760.1
14566,2660.0
14568,919.6999999999999
14569,369.94
14570,395.69
14571,160.0
14572,2722.34
14573,925.3
14574,143.7
14575,420.22
14576,35.4
14577,504.44
14579,105.56
14580,14.85
14581,271.05
14583,673.33
14584,705.1
14585,986.22
14588,135.39
14589,39.75
14590,2993.37
14593,3048.38
14594,255.0
14595,423.84999999999997
14596,222.22
14597,1318.39
14598,162.07
14599,457.89
14600,471.84
14602,205.36
14604,143.85999999999999
14605,921.56
14606,18482.1
14607,7553.63
14608,1567.79
14609,884.64
14610,24.35
14611,604.33
14612,877.7
14613,76.32
14614,295.13
14615,951.76
14616,121.7
14617,190.47
14618,788.88
14619,896.8
14621,1212.21
14623,1130.28
14624,588.22
14625,3598.25
14626,2619.65
14627,462.75
14628,1326.04
14630,338.65
14631,1018.71
14634,2124.46
14635,215.22
14637,106.67999999999999
14639,1994.47
14640,1541.98
14643,986.0799999999999
14644,1416.96
14645,279.8
14646,248396.5
14647,270.0
14648,4466.65
14649,2248.6
14650,62.5
14651,1371.77
14653,1666.41
14654,246.86
14655,1946.28
14656,498.95
14657,601.97
14662,635.06
14663,490.6
14665,913.9499999999999
14667,12418.01
14668,111.63
14669,1957.54
14670,190.47
14671,1127.45
14672,347.59
14673,1674.41
14674,173.66
14675,419.22
14676,5808.55
14677,184.91
14678,403.39
14679,1289.44
14680,28615.27
14681,376.2
14682,1462.81
14683,146.56
14684,228.52
14685,4536.64
14686,852.53
14687,773.6800000000001
14688,2056.3
14690,422.63
14692,1123.59
14693,992.46
14694,244.31
14695,1534.22
14696,688.95
14699,593.47
14700,880.96
14701,1961.02
14702,3427.44
14704,258.96
14706,367.54
14707,139.2
14708,1085.91
14709,3965.29
14710,1300.31
14712,411.0
14713,2752.5099999999998
14714,746.05
14715,958.0699999999999
14716,235.77
14717,81.3
14718,226.42
14721,109.07
14722,309.1
14723,927.89
14724,341.9
14725,597.16
14726,116.5
14727,195.15
14728,190.57999999999998
14729,586.24
14732,2814.58
14733,6579.26
14734,1056.42
14735,6174.47
14736,374.05
14737,2389.62
14738,507.45
14739,8385.22
14740,2712.85
14741,497.25
14742,579.85
14743,50.480000000000004
14744,2785.1
14745,1331.15
14746,593.5
14748,1736.57
14749,310.15
14750,112.03
14751,126.44999999999999
14753,306.36
14754,909.88
14755,4962.2699999999995
14756,1914.8
14758,1380.91
14761,192.02
14762,117.05
14766,4082.7599999999998
14767,382.81
14769,5097.13
14770,2761.22
14771,594.62
14773,140.55
14774,241.45
14775,406.56
14776,1170.0
14777,307.56
14783,307.3
14784,159.94
14786,90.96
14787,110.64999999999999
14788,476.88
14790,1781.56
14791,303.63
14793,396.91
14794,633.99
14796,2865.05
14797,300.31
14798,550.5699999999999
14799,180.45
14800,3415.38
14802,1502.98
14805,536.15
14806,110.04
14807,504.14
14809,686.76
14810,446.59
14811,170.5
14812,178.85
14813,888.91
14814,154.21
14817,2849.52
14818,495.76
14819,184.34
14820,767.47
14821,1230.15
14822,157.7
14824,2895.2
14825,2698.17
14826,385.2
14828,7699.7
14829,995.29
14831,1676.57
14832,322.69
14833,94.8
14834,485.86
14835,297.0
14837,1810.82
14838,769.9200000000001
14839,915.28
14840,299.86
14841,3867.24
14843,211.8
14844,3512.62
14845,150.0
14846,437.40000000000003
14847,1039.55
14848,310.56
14849,7832.91
14850,1445.21
14851,318.06
14852,3295.74
14853,901.0699999999999
14854,1563.03
14855,5874.65
14857,2478.73
14858,180.75
14859,351.9
14861,1254.94
14865,77.52
14866,6460.32
14867,2241.78
14868,1230.42
14869,2056.69
14870,1511.7
14871,726.89
14872,816.6
14873,334.45
14874,116.18
14875,1397.08
14876,256.7
14877,425.85
14878,2600.41
14879,185.06
14882,2956.95
14884,120.6
14885,832.8
14890,691.6
14891,552.35
14892,202.35
14893,571.76
14894,837.0600000000001
14895,13980.83
14896,1614.45
14897,1774.16
14898,2195.14
14899,1331.38
14900,13.92
14901,860.11
14902,702.96
14904,605.05
14905,1355.24
14906,68.44
14907,2664.69
14908,104.1
14909,1404.68
14911,152121.22
14912,1021.4
14913,2845.7
14915,1503.77
14916,1773.97
14917,1123.75
14918,4345.66
14919,359.35
14920,629.4
14922,843.74
14924,620.96
14926,359.4
14927,308.2
14928,223.91
14929,612.81
14930,2873.77
14932,666.13
14933,1770.0
14934,1612.56
14935,1065.1200000000001
14936,4273.79
14938,2322.43
14940,531.49
14941,182.1
14942,746.56
14943,107.62
14944,3884.42
14945,179.39999999999998
14947,758.97
14949,515.0
14952,9529.86
14953,685.65
14954,167.27
14955,163.77
14956,1325.0
14957,203.2
14958,458.26
14961,9365.47
14962,240.21
14963,1651.23
14966,881.24
14967,1518.81
14968,353.65
14969,906.23
14970,3327.29
14972,30.299999999999997
14975,192.45
14977,31.93
14978,1190.82
14979,429.66
14980,150.68
14981,270.8
14982,237.78
14983,183.2
14984,1058.1399999999999
14986,563.1
14987,1387.4499999999998
14988,1704.11
14989,342.4
14990,304.17
14991,314.67
14992,210.5
14993,36.13
14994,946.72
14996,442.29
14997,230.4
14998,338.31
14999,129.48
15001,199.10999999999999
15002,3127.97
15003,1027.03
15005,7681.71
15006,277.4
15008,360.0
15011,416.6
15012,429.78
15013,1610.82
15015,2354.97
15016,450.85
15018,111.25
15020,198.47
15021,826.91
15022,281.05
15023,5287.64
15024,2414.18
15025,617.83
15026,579.89
15027,2129.45
15028,521.78
15029,365.1
15030,1461.63
15031,2449.75
15032,8821.55
15034,3957.04
15037,397.76
15038,579.67
15039,19960.3
15040,7.49
15041,109.47
15042,179.51999999999998
15043,2333.32
15044,8389.42
15046,2533.37
15048,98.7
15050,2349.5
15051,2543.55
15055,549.12
15056,113.65
15057,1766.46
15058,1285.04
15059,2153.48
15061,83284.38
15062,1597.76
15064,1254.41
15065,168.73
15067,2118.12
15068,621.54
15070,737.05
15071,473.49
15072,187.51999999999998
15073,1744.61
15074,817.46
15076,566.89
15077,2428.08
15078,8018.7699999999995
15079,2871.74
15080,546.25
15081,1460.92
15082,93.35
15084,965.1999999999999
15085,347.54
15086,218.53
15091,565.9
15092,318.65
15093,9729.09
15094,83.0
15095,1771.04
15097,660.27
15100,2018.6999999999998
15101,1160.41
15102,554.67
15105,795.98
15107,620.85
15109,498.15
15110,509.75
15111,1163.39
15112,209.4
15114,639.56
15115,191.74
15117,934.19
15122,2853.49
15123,2456.86
15124,266.63
15125,5496.39
15126,449.49
15127,304.97
15128,312.68
15129,3412.7799999999997
15131,80.28
15133,824.48
15134,208.29999999999998
15135,166.63
15137,823.4
15138,502.52
15140,889.44
15141,1388.47
15142,2121.18
15143,304.18
15144,5579.87
15149,1033.81
15150,3686.61
15151,2085.61
15152,518.14
15154,1089.44
15155,383.96999999999997
15157,718.04
15158,204.62
15159,3475.72
15160,431.11
15161,119.92
15162,312.9
15164,1203.53
15165,487.75
15166,167.16
15167,1468.82
15169,569.22
15170,81.15
15173,1494.6
15174,345.71
15176,988.04
15177,948.93
15179,5284.97
15180,816.93
15181,510.72
15182,2376.1
15183,639.93
15184,283.19
15186,991.79
15188,310.43
15189,1298.99
15190,834.4399999999999
15191,588.05
15192,937.0699999999999
15194,4811.16
15196,313.7
15197,797.9
15198,377.71
15199,1853.7
15200,549.05
15201,606.41
15202,6001.49
15203,2572.38
15207,683.92
15208,100.4
15209,178.98
15210,845.01
15211,383.07
15212,106.47999999999999
15215,1687.49
15216,389.49
15217,426.24
15218,5711.94
15219,379.7
15221,2062.2
15222,2965.91
15223,662.2
15224,549.28
15227,1269.0900000000001
15228,2193.56
15229,160.5
15231,250.26
15233,59.4
15235,690.3
15240,2753.41
15241,1293.72
15242,302.03999999999996
15243,610.6
15244,280.51
15245,2095.0
15246,266.25
15247,620.06
15248,1893.93
15249,2577.54
15250,60.0
15251,9839.55
15252,1362.6299999999999
15253,1136.89
15254,787.99
15255,2815.17
15256,71.95
15257,368.75
15259,1182.3799999999999
15260,7377.46
15261,1253.18
15262,239.87
15264,454.66
15265,1839.52
15266,732.91
15268,961.9
15269,816.56
15270,6145.37
15271,2146.95
15272,1309.01
15273,228.96
15276,491.17
15277,220.44
15278,496.16
15279,1290.03
15280,284.4
15281,6211.42
15282,348.59
15283,148.32999999999998
15284,24.75
15285,94.92
15287,369.34000000000003
15288,1574.51
15289,653.31
15290,2553.06
15291,9178.26
15293,247.5
15294,233.35
15295,207.04
15296,6650.17
15298,4659.47
15299,3484.5299999999997
15301,2533.09
15302,308.0
15303,650.16
15304,225.15
15305,93.6
15306,2310.38
15309,797.96
15310,1634.6399999999999
15311,55942.74
15312,2005.34
15314,492.48
15317,129.75
15321,3961.42
15322,711.18
15323,434.6
15324,140.22
15325,1439.72
15326,1388.81
15328,107.24
15329,1909.1299999999999
15331,767.91
15332,4892.68
15336,240.5
15337,373.02
15338,277.93
15339,1246.95
15340,105.5
15341,382.2
15346,343.7
15347,1162.0
15350,547.6
15351,1770.23
15352,111.15
15353,2336.0
15354,284.4
15356,664.66
15358,8703.21
15359,181.35
15361,270.15
15362,613.08
15363,678.11
15365,2242.81
15366,1786.57
15367,3203.74
15368,275.8
15369,6251.26
15370,1352.96
15371,59.4
15372,4009.66
15373,1002.93
15374,139.32
15375,60.96
15377,1211.75
15378,246.5
15379,1174.55
15380,1788.8
15381,1293.72
15382,7777.84
15384,1385.3799999999999
15385,625.2
15387,468.65
15389,2233.8
15390,1216.66
15391,289.87
15392,1376.09
15393,659.48
15394,3103.2599999999998
15396,508.2
15400,586.1
15401,216.95
15402,1203.77
15403,170.88
15404,257.06
15405,310.74
15406,465.16
15409,131.25
15410,1234.88
15413,6798.72
15416,588.5
15418,449.42
15420,743.0
15421,2854.98
15422,1522.27
15423,223.39000000000001
15424,214.44
15425,1941.12
15426,1134.85
15428,668.97
15430,954.75
15431,153.24
15432,149.57
15434,1525.58
15437,193.29
15439,1269.05
15441,1254.21
15443,1900.64
15445,171.0
15446,399.75
15447,337.71
15448,294.17
15451,226.86
15452,1256.63
15454,126.89
15455,38.25
15456,1656.93
15458,208.8
15459,202.82999999999998
15461,429.7
15462,502.45
15465,5281.53
15466,1225.93
15468,962.97
15469,335.7
15470,63.419999999999995
15471,837.53
15473,274.8
15474,150.35
15476,2209.98
15477,368.4
15478,583.56
15479,147.4
15480,5373.5
15481,1993.34
15482,3537.6
15483,592.56
15484,1061.69
15485,3186.01
15486,102.0
15487,231.32
15488,340.6
15489,1285.33
15490,210.85
15493,2168.27
15494,2422.02
15495,246.5
15496,146.14
15497,7395.19
15498,12633.18
15499,158.65
15501,399.95
15502,3548.34
15503,116.26
15504,349.87
15506,1058.25
15509,152.41
15512,210.57999999999998
15513,12992.33
15514,2368.34
15515,171.81
15518,2268.44
15519,344.61
15521,4098.04
15523,16847.18
15524,151.4
15525,430.78000000000003
15527,3126.36
15529,1116.72
15530,311.37
15532,2174.12
15534,162.25
15535,541.47
15536,259.09
15538,3358.4
15540,247.38
15542,855.71
15543,114.4
15544,4615.72
15545,135.33
15546,1079.1000000000001
15547,5146.45
15548,158.09
15549,652.7
15550,1635.42
15551,1243.75
15552,162.4
15555,7267.83
15558,202.67999999999998
15559,1109.4
15560,153.52
15561,1133.8
15562,536.88
15563,1459.02
15564,70.74000000000001
15566,227.87
15569,2207.74
15570,5105.32
15571,3241.92
15572,1431.78
15573,597.23
15574,774.84
15575,30.1
15577,137.15
15579,923.03
15580,1375.39
15581,4076.97
15583,95.96000000000001
15584,547.34
15586,1139.1
15587,608.4
15588,579.6
15590,1496.6
15591,217.9
15595,357.59999999999997
15596,1723.45
15597,238.8
15598,307.34
15599,488.32
15600,1199.31
15601,8183.56
15602,1932.6399999999999
15603,40.0
15605,738.57
15606,2310.83
15607,1604.21
15608,692.3
15611,1405.83
15613,433.71999999999997
15614,3147.36
15615,10974.23
15616,317.11
15617,828.55
15620,389.18
15622,4143.05
15623,2136.02
15625,1702.1399999999999
15626,391.71999999999997
15627,566.9
15628,2782.02
15629,2240.9
15630,295.05
15631,596.67
15633,4335.96
15634,311.1
15635,100.35
15636,719.82
15637,574.23
15638,2265.2
15639,639.76
15640,11411.92
15641,3458.35
15642,105.77999999999999
15645,443.16
15646,526.97
15647,169.0
15649,1354.35
15650,553.88
15651,612.76
15652,1068.2
15658,1399.37
15659,226.04
15660,1212.13
15661,906.15
15662,283.73
15664,867.6
15665,1764.86
15666,632.9399999999999
15670,152.15
15672,45.3
15673,3478.09
15674,4501.63
15675,218.35
15677,648.4
15678,1473.24
15680,3173.9
15681,1563.54
15682,318.24
15683,330.79
15684,173.95
15685,55.980000000000004
15686,90.0
15688,190.57
15689,266.93
15691,434.5
15693,37.5
15694,4331.41
15695,721.06
15696,1170.11
15697,246.75
15698,46.2
15702,140.39
15704,1441.04
15708,969.19
15709,194.6
15710,898.87
15711,420.25
15712,2400.05
15713,654.09
15714,453.93
15715,658.02
15716,1913.55
15717,456.7
15718,293.79
15719,5165.9
15720,140.49
15722,3022.79
15723,740.0
15724,92.6
15726,321.91
15727,4212.65
15728,544.6
15729,107.55000000000001
15730,605.7
15731,125.3
15732,1387.95
15734,923.85
15735,327.68
15736,1767.12
15738,8560.55
15741,208.62
15742,156.87
15747,1553.17
15748,465.45
15750,4330.46
15751,1380.44
15752,1557.96
15754,2579.04
15755,3628.87
15757,2225.94
15759,577.89
15760,13916.34
15761,143.05
15764,1223.11
15765,370.63
15766,516.0
15768,14687.06
15769,32451.6
15770,321.45
15771,1006.54
15772,280.88
15773,138.84
15774,1017.54
15775,45.599999999999994
15777,715.5
15778,307.95
15779,124.08
15782,1399.3600000000001
15784,848.33
15785,3640.96
15786,3582.62
15788,221.82999999999998
15789,1610.71
15791,1995.65
15792,933.84
15793,1433.96
15794,777.0
15795,1369.86
15796,2463.02
15797,613.6800000000001
15798,1535.37
15799,537.2
15800,530.18
15803,1513.84
15805,4660.75
15807,913.62
15808,14482.03
15809,758.6700000000001
15810,1607.06
15811,1557.38
15812,3400.33
15814,689.11
15816,144.15
15817,2766.4
15818,340.5
15819,2029.34
15822,954.59
15823,3882.17
15824,890.94
15826,943.97
15827,1957.98
15828,1108.82
15833,80.4
15834,1539.24
15837,385.03
15838,40519.92
15841,1518.35
15842,548.8
15845,714.51
15846,107.01
15847,433.3
15848,137.99
15850,771.87
15851,109.73
15852,96.55
15854,2609.16
15855,340.48
15856,17703.63
15857,273.48
15858,2508.77
15859,438.46
15860,1498.8
15861,1222.28
15862,2033.64
15863,286.26
15864,244.44
15865,1346.29
15867,5224.81
15868,94.53
15869,171.47
15870,506.02000000000004
15871,33.099999999999994
15872,413.0
15873,313.91999999999996
15874,6878.88
15875,108.52
15876,1449.14
15878,330.77
15879,1137.8
15880,329.03
15882,979.62
15884,244.6
15885,1572.47
15886,871.78
15887,1027.15
15888,260.85
15889,1279.6
15890,535.65
15892,128.2
15893,305.28
15894,151.44
15898,4129.26
15899,56.25
15900,549.29
15901,335.99
15902,145.01
15903,3813.08
15905,114.69
15906,962.5
15908,758.62
15910,1432.29
15911,1700.24
15912,810.08
15913,6.3
15914,205.99
15915,364.45
15916,1874.83
15917,407.07
15918,248.65
15919,214.07999999999998
15920,401.64
15921,452.23
15922,369.5
15923,127.08
15924,102.82
15926,134.44
15927,106.53999999999999
15928,293.53
15929,594.0
15931,239.9
15934,2190.66
15936,282.79
15938,330.23
15939,2945.38
15941,405.0
15943,271.28999999999996
15944,1839.1399999999999
15945,646.27
15946,2304.18
15948,553.85
15950,5376.2
15951,304.95
15953,1990.8
15954,190.75
15955,4242.1
15956,617.6
15957,492.36
15958,357.77
15959,542.89
15960,410.95
15961,451.28999999999996
15962,289.48
15964,269.21
15965,2119.26
15966,426.53
15967,2568.32
15968,404.55
15969,460.95
15970,703.22
15971,1702.98
15972,1769.33
15973,680.62
15976,1266.77
15978,2180.64
15979,329.21999999999997
15980,4144.82
15981,5954.29
15982,324.51
15983,2458.9
15984,5735.09
15985,1572.86
15986,186.29999999999998
15987,216.70000000000002
15988,582.11
15989,368.31
15990,1205.64
15991,150.55
15992,854.61
15994,761.41
15995,694.54
15996,617.0699999999999
15998,5193.92
15999,20.4
16001,583.39
16002,169.21
16003,2878.46
16004,2146.39
16005,1786.78
16006,231.42000000000002
16007,1359.25
16008,4860.35
16010,1302.46
16011,2486.0
16012,1563.3
16013,20009.84
16014,453.45
16016,980.91
16017,1333.7
16018,289.23
16019,13542.92
16021,487.03
16024,232.96
16027,1113.74
16028,82.2
16029,41184.3
16032,1965.72
16033,1985.63
16034,473.62
16035,217.73
16036,1797.92
16037,654.32
16039,456.4
16040,1103.35
16042,1067.85
16043,1082.6
16044,340.84
16045,2094.23
16046,235.78
16047,107.14
16048,818.79
16049,777.34
16050,162.8
16051,188.44
16053,2122.89
16054,1327.98
16057,1591.73
16058,62.7
16059,1718.66
16060,541.95
16061,89.65
16062,1709.83
16064,109.31
16065,1992.1299999999999
16067,3269.11
16068,115.73
16069,457.7
16071,750.56
16072,3595.77
16074,252.5
16075,736.93
16077,2300.3999999999996
16078,283.79
16080,385.4
16081,1637.1399999999999
16082,106.75
16083,1033.8
16085,1359.52
16086,1743.6
16087,1739.92
16088,1437.43
16089,263.49
16090,180.56
16092,770.0799999999999
16094,2617.33
16095,447.05
16096,1264.3500000000001
16098,2435.67
16099,841.3
16100,582.64
16101,1938.46
16103,4762.07
16104,2476.25
16105,2049.23
16108,1393.42
16109,327.59999999999997
16110,460.64
16111,549.33
16115,892.92
16117,422.19
16118,4376.25
16119,1297.45
16120,1658.37
16121,595.38
16122,316.92
16124,1523.49
16125,4292.35
16126,8356.83
16127,145.06
16128,1920.83
16129,1396.05
16130,987.48
16131,6450.88
16132,664.1999999999999
16133,8403.22
16134,1527.25
16135,301.9
16136,237.42000000000002
16137,422.7
16138,910.35
16139,475.74
16140,832.42
16141,335.54
16143,2485.89
16145,3005.95
16146,212.25
16147,2023.91
16148,310.3
16149,141.7
16150,2342.57
16153,3309.2599999999998
16155,796.9
16156,3096.14
16158,628.32
16159,884.59
16161,7210.59
16163,1992.98
16165,79.9
16166,435.83
16167,1386.12
16168,6848.87
16170,4983.95
16172,744.34
16174,1237.2
16175,798.85
16176,2052.69
16177,1915.3600000000001
16178,414.7
16180,5995.69
16182,3354.0
16183,739.1
16185,115.31
16186,5019.17
16188,105.8
16190,2508.47
16191,10497.3
16192,351.3
16193,315.98
16194,308.6
16195,323.25
16196,93.3
16197,2016.71
16198,629.36
16199,942.75
16200,4539.23
16201,248.65
16202,2136.72
16203,521.64
16204,534.53
16205,1062.48
16206,2052.81
16208,2776.19
16209,1884.16
16210,17403.21
16211,543.5699999999999
16212,603.37
16214,975.5
16218,1355.29
16219,40.8
16221,1325.8
16222,498.5
16223,1087.05
16224,321.24
16225,1762.99
16226,417.05
16227,713.0
16228,885.71
16229,1857.26
16231,1074.47
16232,1722.09
16233,1429.03
16234,333.18
16235,1186.4
16237,136.65
16238,63.66
16239,1078.0
16241,1680.2
16242,3824.79
16244,1056.6299999999999
16246,821.35
16250,401.94
16251,128.31
16252,295.09
16253,3588.34
16254,967.44
16255,2284.34
16256,876.9399999999999
16258,6739.01
16259,340.94
16261,312.62
16262,755.15
16263,348.15999999999997
16264,823.53
16265,1488.17
16266,896.06
16267,186.66
16269,717.5699999999999
16271,1993.18
16273,318.34000000000003
16274,351.75
16275,1591.24
16276,1818.79
16277,188.69
16278,551.46
16279,4195.5
16280,238.04999999999998
16281,1361.96
16282,1139.28
16283,2779.51
16284,205.8
16285,176.9
16286,328.95
16287,864.48
16288,129.85
16289,136.31
16290,1957.7
16291,117.72
16292,951.51
16293,2408.96
16294,126.05
16296,1313.67
16298,487.5
16299,193.65
16300,1367.32
16301,107.33
16303,2567.64
16304,381.65999999999997
16306,560.55
16307,1194.92
16308,2560.0
16310,460.08
16312,171.15
16314,1491.4
16315,176.34
16316,2806.0
16317,850.86
16320,4590.53
16321,230.9
16323,146.16
16325,3003.26
16326,1682.03
16327,6874.97
16328,310.83
16329,1664.92
16330,373.46999999999997
16331,2037.7
16332,417.21
16334,263.73
16335,2753.52
16336,3517.69
16340,961.93
16341,1878.92
16343,285.54
16344,741.3199999999999
16345,613.33
16346,224.51
16347,2595.51
16348,328.77
16350,1137.42
16351,3176.13
16353,3323.75
16354,723.66
16355,416.35
16356,204.1
16357,209.49
16358,892.15
16359,946.83
16362,212.17
16365,1766.78
16366,1220.83
16367,549.81
16368,141.53
16369,1111.15
16371,157.2
16372,934.58
16373,309.49
16374,1256.67
16375,104.0
16377,632.28
16381,247.85
16382,353.1
16383,2252.93
16384,774.45
16385,473.69
16386,765.59
16387,788.1
16388,186.05
16390,467.5
16391,1052.26
16392,538.81
16393,2441.61
16395,2036.35
16396,137.8
16397,123.13
16399,222.2
16400,2755.92
16401,2750.83
16402,205.65
16406,374.01
16407,681.97
16408,231.93
16409,3629.76
16410,130.32
16411,673.24
16412,457.2
16413,259.83
16414,424.96
16415,496.49
16416,1906.48
16417,35.7
16418,397.62
16419,504.99
16420,75.0
16421,526.27
16422,28904.67
16424,309.5
16428,638.49
16430,817.09
16433,200.26
16434,1161.89
16435,1003.0699999999999
16436,319.14
16437,301.25
16439,310.7
16440,216.3
16441,637.93
16442,282.68
16443,162.24
16444,2971.21
16445,352.65
16447,471.19
16448,178.13
16450,1193.81
16451,746.1800000000001
16452,332.17
16453,251.71
16454,24.05
16455,2535.69
16456,4630.16
16458,2208.15
16459,71.78999999999999
16461,1402.91
16465,746.24
16466,2171.13
16467,2869.16
16468,712.62
16469,178.48
16470,1664.08
16471,966.03
16472,789.6
16473,154.72
16476,350.35
16477,1825.56
16481,453.38
16485,1923.54
16486,134.36
16487,209.4
16489,303.7
16490,205.41
16491,801.66
16492,385.56
16493,780.46
16496,731.25
16497,3729.59
16499,2212.89
16500,443.05
16501,1191.23
16502,258.55
16503,2182.41
16507,142.71
16508,240.95
16510,1777.5
16511,842.16
16515,1554.92
16518,475.05
16519,327.68
16520,1427.57
16521,1140.11
16522,433.36
16523,2497.86
16524,306.19
16525,11535.29
16526,426.84999999999997
16527,1004.88
16529,1531.55
16530,48.35
16531,1053.74
16532,2007.8400000000001
16534,635.9
16535,378.28999999999996
16537,23.35
16538,395.07
16539,2343.2
16540,205.75
16541,424.03
16542,137.7
16543,292.21
16544,376.7
16545,350.52
16546,4819.32
16547,104.25999999999999
16548,30.15
16549,8746.9
16550,7069.27
16551,1315.0
16552,95.28999999999999
16553,10864.19
16554,2004.62
16555,1629.79
16556,4698.79
16558,5535.02
16559,175.0
16560,2206.97
16562,223.86
16563,3334.82
16564,87.80000000000001
16565,599.35
16568,1020.9
16569,1331.03
16570,3695.91
16571,2827.0499999999997
16574,850.34
16576,540.87
16577,380.0
16578,156.6
16579,295.05
16583,297.95
16584,2220.09
16585,341.59000000000003
16586,998.8299999999999
16588,1361.28
16589,153.12
16590,605.9
16592,3694.23
16593,741.11
16595,1397.59
16596,329.48
16599,172.8
16600,1339.8899999999999
16601,434.3
16602,235.25
16604,432.45
16605,60.48
16606,357.66
16607,2359.16
16608,1286.62
16611,1655.6399999999999
16612,2057.77
16614,673.6
16615,291.5
16619,1712.12
16620,1579.97
16622,225.4
16623,885.79
16625,1320.95
16628,130.05
16630,106.8
16631,1892.52
16632,406.4
16634,1596.71
16635,473.0
16636,3802.04
16638,749.81
16639,490.47
16640,179.4
16641,323.4
16642,389.12
16643,435.6
16645,160.39
16646,678.8
16647,327.84
16648,382.14
16649,306.58
16650,1397.69
16651,136.2
16652,10776.42
16654,1110.2
16655,2633.74
16656,8207.37
16658,690.83
16660,611.9
16661,932.76
16662,151.05
16663,165.0
16664,109.2
16666,98.73
16668,555.7
16670,3934.25
16673,171.13
16675,608.86
16676,769.78
16677,880.62
16679,663.31
16680,637.75
16681,151.5
16683,320.25
16684,80489.21
16686,1921.19
16687,157.63
16690,127.45
16691,178.82999999999998
16692,638.7
16693,701.62
16694,98.3
16695,191.9
16699,994.6
16700,4091.16
16701,4518.43
16702,1110.83
16704,664.16
16705,29480.06
16707,533.41
16709,6026.14
16710,3823.78
16711,1217.45
16712,621.5600000000001
16713,7619.21
16714,368.27
16715,323.8
16716,1248.48
16717,3127.85
16718,3006.08
16719,2174.13
16720,605.79
16722,4258.2699999999995
16723,654.96
16724,147.35
16725,1052.14
16726,705.14
16727,1121.45
16731,170.3
16732,3783.89
16733,259.68
16735,3970.0
16736,2956.56
16737,417.6
16739,463.43
16740,226.91
16741,173.06
16742,2334.9700000000003
16743,1999.02
16746,11366.64
16748,2121.43
16749,4157.88
16752,207.5
16754,65500.07
16755,1389.25
16756,1072.97
16757,163.65
16760,228.0
16763,352.85
16765,420.75
16767,2481.2
16768,1220.48
16769,755.51
16770,1152.6299999999999
16771,1706.99
16772,3698.0499999999997
16773,249.65
16774,905.96
16775,1361.23
16776,220.97
16777,1069.56
16779,22554.22
16780,174.16
16781,623.0
16782,7732.37
16783,391.95
16784,784.73
16785,533.78
16786,51.84
16787,1017.53
16788,1334.54
16791,2251.85
16792,513.08
16794,856.2
16795,2062.41
16797,1802.02
16798,841.16
16799,452.78
16802,582.61
16805,630.75
16807,1002.29
16809,812.74
16810,532.5
16812,1912.65
16814,5781.4400000000005
16815,406.02
16817,1200.15
16819,182.59
16821,113.35
16822,181.39
16823,1884.71
16824,225.6
16825,1051.71
16827,392.13
16829,316.1
16830,881.59
16831,91.8
16832,218.46
16833,1302.51
16834,485.5
16835,1357.56
16836,530.5
16838,570.76
16839,5716.14
16840,139.85
16841,2136.24
16843,9374.86
16844,614.34
16845,253.88
16846,628.09
16847,421.45
16848,1130.2
16854,1408.96
16856,323.09
16857,352.8
16858,4292.59
16859,1184.6
16860,1610.62
16861,772.83
16862,662.3299999999999
16863,495.71999999999997
16864,409.25
16865,130.95
16867,76.74
16868,384.56
16870,450.15999999999997
16872,533.11
16873,7493.7699999999995
16874,209.89
16875,2139.0
16876,136.01
16880,321.78000000000003
16883,2101.61
16884,641.13
16885,234.19
16886,134.0
16887,465.84000000000003
16888,434.2
16889,947.98
16890,285.40999999999997
16891,1202.77
16892,236.56
16893,249.89000000000001
16894,1306.96
16895,900.63
16896,103.95
16898,496.26
16899,424.71
16901,204.26
16903,678.55
16904,1360.31
16905,1923.57
16906,851.33
16907,722.0500000000001
16908,252.59
16911,255.25
16912,1904.93
16913,310.47
16915,921.5
16916,536.04
16917,1460.36
16918,2137.72
16919,2515.76
16920,355.45
16921,255.03
16922,611.08
16923,6088.05
16925,125.65
16926,1169.6100000000001
16928,1199.08
16931,629.4
16932,262.32
16933,2536.07
16934,1152.11
16935,530.86
16936,286.39
16937,196.25
16938,4283.68
16939,433.85
16940,3377.78
16941,33.0
16943,482.76
16944,101.36
16945,4202.66
16946,1222.04
16947,548.73
16948,433.75
16950,2535.21
16952,628.22
16954,3996.8
16955,790.74
16958,778.49
16960,1483.83
16961,560.39
16962,251.04
16964,207.85000000000002
16970,71.4
16972,749.0
16973,127.0
16974,365.5
16975,926.12
16977,496.0
16978,424.55
16979,1007.74
16980,394.37
16983,1748.15
16984,5891.01
16985,5459.04
16986,3015.55
16987,904.6
16988,256.55
16990,165.0
16991,1041.21
16992,3862.19
16993,1950.95
16996,666.65
16998,107.0
17000,406.3
17001,2651.23
17002,1077.82
17003,828.21
17004,1012.22
17005,622.36
17006,853.49
17007,230.17
17008,81.36
17009,242.06
17011,400.8
17012,360.61
17016,552.4
17017,5416.35
17018,1367.6
17019,2703.03
17020,935.62
17021,1182.22
17022,189.0
17023,800.18
17025,1152.87
17026,54.15
17027,433.07
17028,1593.83
17029,1421.3
17031,2393.5
17032,2984.32
17033,302.65
17034,530.9
17035,180.06
17036,176.9
17038,630.77
17039,1954.99
17040,13.52
17041,583.71
17043,858.47
17044,11013.82
17045,488.24
17046,1264.05
17047,1188.33
17048,1146.33
17049,4287.5
17050,1462.95
17051,465.6
17055,232.85
17056,128.60000000000002
17057,294.74
17059,2506.54
17062,645.81
17063,2177.39
17065,194.7
17066,228.34
17067,454.53999999999996
17068,4601.69
17069,3084.58
17070,133.18
17071,1364.68
17072,273.34999999999997
17074,203.05
17075,1402.51
17076,401.67
17077,306.0
17080,669.91
17081,660.48
17082,2728.18
17083,2644.01
17084,2253.22
17085,6285.27
17087,221.53
17089,128.45
17090,1105.53
17091,3961.44
17092,3737.38
17093,235.88
17094,100.2
17095,1248.09
17096,2675.8
17097,363.66
17098,591.07
17099,582.17
17101,885.3199999999999
17103,424.3
17104,474.03000000000003
17106,481.58
17107,5255.24
17108,174.95
17109,410.42
17110,336.59999999999997
17111,227.97
17112,197.57
17113,2305.59
17115,1923.99
17116,389.78
17121,314.74
17122,432.18
17123,631.87
17126,1026.98
17127,1155.03
17129,31.85
17132,1220.91
17133,9730.09
17134,212.1
17135,798.03
17136,231.68
17137,1099.81
17138,4036.77
17139,8915.99
17141,727.58
17142,696.25
17143,880.97
17145,3120.91
17146,5102.86
17147,1485.36
17149,143.10000000000002
17150,1357.95
17151,231.90000000000003
17152,327.0
17155,640.76
17156,591.87
17157,4832.900000000001
17158,713.03
17159,560.71
17160,6691.13
17161,856.01
17163,406.68
17165,1635.64
17167,867.11
17168,400.2
17169,320.95
17170,178.68
17171,159.68
17172,638.81
17176,596.1899999999999
17177,119.5
17178,432.96000000000004
17179,795.47
17180,1452.8
17181,225.45
17182,321.3
17184,198.41
17185,229.46
17187,263.76
17188,2118.7
17189,569.88
17190,1281.83
17191,2726.77
17192,75.28
17193,610.74
17194,549.88
17195,562.98
17196,327.75
17198,521.66
17199,135.04
17200,356.71
17201,853.32
17202,160.65
17203,2004.01
17204,3940.13
17205,615.27
17207,292.62
17208,111.15
17209,595.6999999999999
17210,251.72
17211,1729.43
17212,567.56
17213,2401.07
17215,186.15
17216,63.6
17217,96.6
17218,2226.96
17219,144.9
17220,1269.76
17221,642.14
17222,1250.86
17223,433.99
17224,100.86000000000001
17225,131.15
17226,501.97999999999996
17227,1081.86
17228,1269.89
17230,5750.08
17231,3940.08
17233,369.98
17235,1354.82
17236,1013.13
17237,679.44
17238,3982.66
17239,806.95
17240,130.6
17241,2736.64
17242,1754.24
17243,11920.43
17244,871.14
17245,200.18
17246,38.92
17248,181.89
17249,68.03
17251,529.15
17254,198.29
17255,490.21999999999997
17256,258.93
17257,189.78
17258,417.3
17259,1239.11
17260,120.95
17261,221.59
17262,1504.26
17264,268.28
17266,205.14
17268,970.25
17269,491.81
17270,601.45
17271,204.3
17273,141.12
17274,465.4
17275,114.1
17276,502.49
17278,25.2
17280,118.86
17281,797.85
17282,623.08
17283,188.46
17284,1140.58
17285,407.94
17286,237.81
17287,3000.5
17288,1050.8
17289,1110.78
17290,974.95
17292,271.75
17293,1896.57
17294,467.79
17296,338.13
17298,455.84
17299,336.62
17300,393.64
17301,131.15
17304,111.5
17305,2135.46
17306,1151.04
17307,3999.89
17308,4511.76
17309,237.64
17310,1025.1
17311,2181.71
17314,2376.5099999999998
17315,3318.35
17316,124.45
17318,157.32999999999998
17319,29.099999999999998
17320,1695.15
17321,1008.05
17322,922.59
17323,644.52
17324,1311.64
17325,512.77
17326,312.35
17327,152.35
17328,104.7
17329,475.42
17330,59.900000000000006
17332,838.27
17334,328.13
17335,497.04
17336,81.12
17338,5395.79
17339,119.0
17340,9935.93
17341,1006.53
17342,1227.54
17343,1066.3
17344,299.74
17345,1066.94
17346,2509.84
17348,1285.69
17349,674.16
17350,612.38
17351,1401.08
17352,36.25
17353,1502.0
17354,1740.9
17355,273.31
17356,768.25
17358,500.2
17359,156.6
17360,632.27
17361,383.59000000000003
17362,711.81
17363,920.46
17364,7510.24
17365,3417.13
17366,1077.24
17368,879.42
17369,979.2
17371,236.97
17372,3010.13
17373,520.58
17374,231.34
17375,260.45
17376,250.44
17377,14174.25
17378,10.95
17380,645.0
17381,19726.76
17382,836.88
17383,110.7
17384,171.15
17386,126.35000000000001
17388,1415.81
17389,25381.65
17390,149.3
17392,168.65
17393,381.15000000000003
17395,97.5
17396,1476.3
17397,516.87
17400,2525.44
17401,114.85
17402,2461.68
17403,118.95
17404,15874.3
17406,2704.63
17407,552.9
17408,283.44
17409,7021.66
17411,646.44
17412,3159.46
17413,560.14
17414,1471.52
17416,10405.03
17417,164.18
17418,206.6
17419,2273.95
17420,485.6
17421,1059.41
17422,1615.3899999999999
17423,420.54
17426,3040.51
17428,14562.91
17429,832.54
17430,469.40999999999997
17432,1363.23
17433,266.8
17435,331.34999999999997
17436,317.76
17437,369.68
17438,1034.32
17439,325.74
17440,137.16
17441,293.34999999999997
17442,2371.7400000000002
17448,14523.67
17449,2348.94
17450,52422.3
17454,1030.41
17456,975.56
17457,4247.11
17458,213.08
17460,1605.84
17463,659.4
17464,617.1800000000001
17465,2542.79
17467,102.6
17468,57.8
17469,3180.28
17470,1679.8
17471,321.65
17472,224.81
17473,607.0
17474,1047.0
17476,489.86
17477,1144.3
17478,1272.8
17479,389.26
17480,370.40999999999997
17482,775.64
17483,177.69
17484,209.57
17487,160.55
17488,336.5
17490,658.18
17491,2422.2
17492,747.85
17493,100.91
17494,54.7
17495,309.16
17496,1141.84
17497,287.25
17499,718.51
17504,6493.14
17505,1289.6399999999999
17508,4191.92
17510,206.07999999999998
17511,84541.17
17512,2542.83
17513,645.6
17514,313.35
17515,963.49
17516,182.62
17518,329.42
17519,3265.45
17521,554.85
17524,394.14
17525,739.1999999999999
17526,2970.14
17529,1240.25
17530,725.21
17531,970.12
17532,65.34
17533,34.8
17534,1445.47
17536,288.33
17539,1176.84
17540,1011.6999999999999
17541,119.86
17542,170.1
17543,120.05
17544,944.8199999999999
17545,767.54
17547,727.85
17548,627.96
17550,2239.48
17552,2154.88
17553,2270.0
17555,565.43
17556,142.76999999999998
17557,34.0
17558,259.17
17559,167.62
17560,1040.85
17561,537.9
17563,392.38
17565,131.83
17567,1024.55
17568,374.45
17570,100.0
17571,205.24
17572,496.26
17575,171.7
17576,5266.7699999999995
17577,348.75
17578,903.87
17579,304.38
17580,325.3
17581,7712.71
17582,1271.68
17583,135.95
17584,4067.12
17585,948.03
17586,167.4
17587,176.71
17588,1699.35
17589,11433.77
17591,519.95
17592,148.3
17593,4168.46
17594,1504.7
17596,2075.74
17597,1439.72
17598,409.98
17599,52.05
17601,297.07
17602,2300.01
17603,1393.66
17604,633.02
17605,160.75
17606,87.3
17607,333.81
17608,296.07
17609,782.12
17610,1511.94
17611,4376.41
17612,3346.41
17615,392.2
17616,489.59999999999997
17617,385.19
17618,3071.36
17621,1795.22
17622,1130.21
17623,1838.72
17624,725.15
17625,3958.5
17626,254.0
17627,296.36
17629,641.4
17631,470.15999999999997
17633,732.55
17635,1265.58
17638,842.4000000000001
17639,506.67
17640,2547.28
17642,1112.2
17643,439.7
17644,3132.96
17646,3141.4
17647,198.60000000000002
17648,418.87
17649,710.4
17651,1758.52
17655,1013.54
17657,126.0
17659,835.33
17660,163.47
17662,412.92
17663,3372.92
17664,561.59
17665,563.1
17666,1319.6399999999999
17667,1895.19
17669,2735.63
17671,830.63
17672,2600.46
17673,2578.91
17674,300.66
17675,17885.32
17676,1378.16
17677,20329.68
17678,301.65
17679,1585.5
17680,313.05
17681,731.2
17682,1982.45
17683,819.01
17685,2751.64
17686,2557.35
17687,432.68
17688,304.2
17689,317.08
17690,2685.2
17691,489.65
17692,2234.86
17694,1412.85
17695,980.6999999999999
17696,5393.88
17699,442.0
17700,4145.33
17702,1319.67
17703,296.09999999999997
17705,260.38
17706,10245.49
17707,456.9
17708,620.85
17709,533.56
17710,293.5
17713,1198.09
17714,1257.18
17715,163.2
17716,10300.98
17717,376.92
17718,299.83
17720,1572.97
17721,307.21000000000004
17722,2006.32
17723,102.0
17726,1092.06
17728,1362.75
17729,438.65
17730,2475.32
17731,468.88
17732,2166.42
17734,741.6899999999999
17735,4134.91
17738,2304.5099999999998
17739,4939.24
17740,426.9
17741,101.1
17742,1743.37
17743,229.2
17744,326.74
17745,600.34
17746,793.93
17748,358.15
17749,351.66
17751,157.85999999999999
17753,382.06
17754,2786.57
17756,728.75
17757,3773.11
17758,1555.83
17759,441.92
17760,631.34
17762,129.75
17763,71.15
17764,741.02
17765,156.37
17766,299.61
17767,141.85
17768,1210.83
17769,3095.95
17771,141.6
17772,187.3
17773,575.37
17774,2060.1
17776,330.56
17778,197.7
17780,346.56
17782,679.02
17783,93.49
17784,112.86
17785,271.44
17787,736.28
17789,171.25
17790,815.11
17792,368.35
17794,147.3
17796,661.04
17797,1191.44
17798,178.07
17799,3207.76
17801,770.03
17802,3761.38
17803,184.66
17804,383.78000000000003
17805,414.72
17807,437.87
17808,262.64
17809,5925.4800000000005
17810,373.15999999999997
17811,1757.98
17812,405.48
17814,1609.37
17815,591.96
17816,75.75999999999999
17817,400.47
17818,124.78
17819,2907.65
17820,180.60999999999999
17821,334.62
17822,2162.93
17823,449.25
17825,701.96
17826,133.34
17827,388.84
17829,3867.5
17833,338.46
17834,689.67
17838,3786.7
17840,175.9
17841,29562.02
17842,430.69
17843,114.92
17845,596.09
17847,129.69
17848,2657.91
17849,457.96000000000004
17850,51208.87
17851,1552.35
17852,543.47
17853,1596.29
17854,757.24
17855,208.97
17857,1803.2
17858,7614.24
17860,717.39
17861,2990.41
17862,923.99
17863,2585.2
17864,321.71999999999997
17865,15785.869999999999
17866,805.3
17867,424.18
17868,227.15
17869,599.78
17870,1213.8000000000002
17871,913.05
17872,235.87
17873,4621.32
17875,167.1
17876,3424.02
17878,999.48
17880,366.0
17882,291.56
17883,324.08
17884,2325.92
17886,703.27
17888,1091.44
17889,545.05
17894,1292.39
17897,1968.75
17898,147.12
17901,149.7
17902,216.4
17903,381.09000000000003
17905,1580.38
17907,291.76
17908,1142.47
17909,110.05
17910,261.7
17912,64.49
17913,3020.64
17915,225.78
17916,43.87
17918,396.39
17919,536.28
17920,20137.24
17921,1574.13
17922,170.4
17923,289.5
17924,574.2
17925,244.08
17926,638.2
17927,294.0
17928,128.7
17929,2239.1
17930,2534.74
17931,2993.88
17933,114.69
17934,344.9
17935,540.35
17938,144.29
17940,26286.75
17941,1128.72
17944,74.99
17945,360.34999999999997
17949,60117.6
17950,947.26
17951,627.54
17952,788.46
17953,159.17000000000002
17954,1618.93
17955,392.6
17958,465.41999999999996
17959,140.75
17960,61.300000000000004
17961,1697.85
17962,564.55
17963,643.16
17964,261.76
17965,4558.01
17966,865.49
17967,223.42000000000002
17968,590.44
17969,2126.09
17971,161.94
17974,1035.1
17975,2527.17
17976,321.79
17977,1223.31
17978,1159.99
17980,201.27
17981,239.12
17982,138.18
17983,171.71
17984,999.51
17987,766.87
17988,288.42
17989,207.33
17990,896.77
17991,206.95
17992,252.88
17993,225.99
17994,1595.1399999999999
17995,419.38
17996,482.33
17998,639.24
17999,338.41
18000,124.25
18001,509.01
18002,244.37
18003,353.51
18006,328.13
18007,215.22
18008,17642.89
18009,1896.84
18011,410.79
18012,115.3
18016,476.9
18017,165.0
18018,175.85
18020,190.48
18021,216.41
18022,894.53
18025,1177.72
18026,2074.07
18028,192.04999999999998
18029,433.77
18031,451.3
18034,335.52
18035,546.34
18036,1142.37
18037,97.39999999999999
18038,141.48
18039,548.22
18041,4536.29
18042,116.10000000000001
18043,287.91
18044,1417.01
18046,189.63
18047,326.09
18048,222.64000000000001
18049,500.92
18050,337.66
18051,2282.2799999999997
18052,10877.18
18053,271.05
18054,176.5
18055,4381.78
18056,190.95
18057,1188.46
18058,603.9
18060,1185.46
18061,4369.56
18062,912.15
18063,186.6
18064,3667.83
18065,3473.8
18066,1122.4
18069,2455.68
18070,314.1
18071,975.63
18074,1019.44
18075,3171.54
18076,151.49
18077,1699.25
18078,389.4
18079,590.78
18083,463.53
18084,704.75
18085,955.8
18087,10705.8
18089,428.45
18090,321.9
18091,360.85
18092,7111.18
18093,2346.19
18094,3374.22
18095,1723.04
18096,808.81
18097,1965.52
18098,527.9399999999999
18100,451.56
18101,399.61
18102,349164.35
18103,105.8
18106,1019.16
18107,165.88
18108,577.81
18109,1828.24
18110,193.48000000000002
18111,405.85
18112,420.67
18113,76.32
18115,9.700000000000001
18116,731.38
18118,1068.05
18119,180.7
18123,92.2
18124,102.65
18127,209.05
18128,399.29
18131,222.96
18132,220.13
18134,445.0
18135,567.71
18136,847.03
18137,145.99
18140,536.41
18141,882.47
18144,2169.25
18145,2748.19
18148,112.85
18149,941.88
18151,1226.09
18152,426.69
18153,246.22
18154,533.41
18156,186.88
18157,213.9
18160,365.82
18161,184.41
18162,371.51
18163,728.84
18166,175.5
18168,2538.7599999999998
18170,1897.69
18171,1206.0
18172,9905.56
18173,589.52
18174,58.5
18175,176.1
18177,875.4499999999999
18178,4512.93
18179,754.38
18181,821.49
18182,291.13
18186,329.58000000000004
18187,724.89
18188,1279.55
18189,313.49
18190,461.15999999999997
18191,321.6
18193,963.59
18194,3188.2
18195,101.16
18196,770.56
18197,230.1
18199,344.75
18201,447.53
18203,332.1
18206,314.65999999999997
18207,544.47
18208,360.08
18210,147.45
18212,298.3
18214,1780.34
18215,1933.1499999999999
18217,323.28999999999996
18218,479.91999999999996
18219,1493.12
18220,1616.48
18221,383.33
18223,7516.3099999999995
18225,7539.84
18226,6650.83
18227,295.0
18229,3526.81
18230,1480.86
18231,4782.4
18234,179.6
18236,913.11
18238,270.92
18239,588.75
18241,913.9
18242,1372.72
18243,515.78
18244,568.64
18245,3757.92
18246,162.72
18247,839.73
18251,21964.14
18252,1015.42
18253,317.88
18254,267.9
18255,199.85
18256,110.69999999999999
18257,2262.52
18258,2059.67
18259,1979.6
18260,7318.91
18262,428.06
18264,603.25
18266,251.1
18267,269.37
18268,1464.73
18269,168.6
18270,161.4
18271,680.85
18272,1307.4
18273,153.0
18275,741.85
18276,1320.66
18277,1069.67
18278,240.3
18279,231.34
18280,307.55
18281,120.32
18283,619.37
18284,461.68
18285,427.0
18286,1296.43
18287,2345.71
